{"cameraMode":{"drawMode":0,"name":"Shaded","section":"Shading Mode"},"sceneLighting":false,"audioPlay":false,"sceneViewState":{"m_AlwaysRefresh":false,"showFog":true,"showSkybox":false,"showFlares":true,"showImageEffects":true,"showParticleSystems":true,"showVisualEffectGraphs":true,"m_FxEnabled":true},"in2DMode":false,"pivot":{"x":-0.35003137588500979,"y":-0.904249906539917,"z":4.492926120758057},"rotation":{"x":-0.17624324560165406,"y":0.04012485593557358,"z":-0.007255691569298506,"w":-0.9835742712020874},"size":3.170348644256592,"orthographic":false}